Isolate,NC_000962.3_761155,NC_000962.3_4247429,NC_000962.3_2155168,NC_000962.3_781687,NC_000962.3_1473246,NC_000962.3_4247431,NC_000962.3_4248003,NC_000962.3_484005,NC_000962.3_7570,NC_000962.3_1673432,NC_000962.3_941722,NC_000962.3_2122395,NC_000962.3_761110,NC_000962.3_7582,NC_000962.3_3857226,phenotype
SAMEA1018845,0,0,0,0,0,0,0,0,0,0,0,0,0,0,0,
SAMEA1018878,0,0,0,0,0,0,0,0,0,0,0,0,0,0,0,
SAMEA1018881,0,0,0,0,0,0,0,0,0,0,0,0,0,0,0,
SAMEA1018904,0,0,0,0,0,0,0,0,0,0,0,0,0,0,0,
SAMEA1018921,0,0,0,0,0,0,0,0,0,0,0,0,0,0,0,
SAMEA1018948,0,0,0,0,0,0,0,0,0,0,0,0,0,0,0,
SAMEA1018950,0,0,0,0,0,0,0,0,0,0,0,0,0,0,0,
SAMEA1018968,0,0,0,0,0,0,0,0,0,0,0,0,0,0,0,
SAMEA1018987,0,0,0,0,0,0,0,0,0,0,0,0,0,0,0,
SAMEA1018989,0,0,0,0,0,0,0,0,0,0,0,0,0,0,0,
SAMEA1018990,0,0,0,0,0,0,0,0,0,0,0,0,0,0,0,
SAMEA1018999,0,0,0,0,0,0,0,0,0,0,0,0,0,0,0,
SAMEA1019014,0,0,0,0,0,0,0,0,0,0,0,0,0,0,0,
SAMEA1019033,0,0,0,0,0,0,0,0,0,0,0,0,0,0,0,
SAMEA1019041,0,0,0,0,0,1,0,0,0,0,0,0,0,1,0,
SAMEA1019062,0,0,0,0,0,0,0,0,0,0,0,0,0,0,0,
SAMEA1019065,0,0,0,0,0,0,0,0,0,0,0,0,0,0,0,
SAMEA1019080,0,0,0,0,0,0,0,0,0,0,0,0,0,0,0,
SAMEA1019142,0,0,0,0,0,0,0,0,0,0,0,0,0,0,0,
SAMEA1019143,0,0,0,0,0,0,0,0,0,0,0,0,0,0,0,
SAMEA1019194,0,0,0,0,0,0,0,0,0,0,0,0,0,0,0,
SAMEA1019219,0,0,0,0,0,0,0,0,0,0,0,0,0,0,0,
SAMEA1019222,0,0,0,0,0,0,0,0,0,0,0,0,0,0,0,
SAMEA1019258,0,0,0,0,0,0,0,0,0,0,0,0,0,0,0,
SAMEA1019265,0,0,0,0,0,0,0,0,0,0,0,0,0,0,0,
SAMEA1019306,0,0,0,0,0,0,0,0,0,0,0,0,0,0,0,
SAMEA1019317,0,0,0,0,0,0,0,0,0,0,0,0,0,0,0,
SAMEA1019321,0,0,0,0,0,0,0,0,0,0,0,0,0,0,0,
SAMEA2296975,0,0,0,0,0,0,0,0,0,0,0,0,0,0,0,
SAMEA2297011,0,0,0,0,0,0,0,0,0,0,0,1,0,0,0,
SAMEA2297033,0,0,0,0,0,0,0,0,0,0,0,0,0,0,0,
SAMEA2297041,0,0,0,0,0,0,0,0,0,0,0,0,0,0,0,
SAMEA2297058,0,0,0,0,0,0,0,0,0,0,0,0,0,0,0,
SAMEA2297069,0,0,0,0,0,0,0,0,0,0,0,0,0,0,0,
SAMEA2297081,0,0,0,0,0,0,0,0,0,0,0,0,0,0,0,
SAMEA2297095,0,0,0,0,0,0,0,0,0,0,0,0,0,0,0,
SAMEA2297104,0,0,0,0,0,0,0,0,0,0,0,1,0,0,0,
SAMEA2297108,0,0,0,0,0,0,0,0,0,0,0,0,0,0,0,
SAMEA2297118,0,0,0,0,0,0,0,0,0,0,0,0,0,0,0,
SAMEA2297152,0,0,0,0,0,0,0,0,0,0,0,0,0,0,0,
SAMEA2297155,0,0,1,0,0,0,0,0,0,0,0,1,0,0,0,
SAMEA2297178,0,0,0,0,0,0,0,0,0,0,0,0,0,0,0,
SAMEA2297194,0,0,0,0,0,0,0,0,0,0,0,0,0,0,0,
SAMEA2517433,0,0,0,0,0,0,0,0,0,0,0,0,0,0,0,
SAMEA2517444,0,0,0,0,0,0,0,0,0,0,0,0,0,0,0,
SAMEA2533376,1,0,1,0,0,0,0,0,0,0,0,0,0,0,0,
SAMEA2533379,1,0,1,0,1,0,1,1,0,0,1,1,0,0,0,
SAMEA2533414,0,0,0,0,0,0,0,0,0,0,0,0,0,0,0,
SAMEA2533434,0,0,0,0,0,0,0,0,0,0,0,0,0,0,0,
SAMEA2533454,0,0,0,0,0,0,0,0,0,0,0,1,0,0,0,
SAMEA2533466,1,1,1,1,0,0,0,1,0,0,1,1,0,0,1,
SAMEA2533482,0,0,0,0,0,0,0,0,0,0,0,0,0,0,0,
SAMEA2533484,1,0,0,0,1,0,0,1,0,0,1,1,0,0,0,
SAMEA2533513,1,0,1,1,1,1,0,1,0,0,1,1,0,0,1,
SAMEA2533548,0,0,1,1,0,0,0,0,0,0,0,0,0,0,0,
SAMEA2533554,1,0,1,1,1,1,0,1,0,0,1,1,0,0,1,
SAMEA2533570,1,0,1,0,0,1,0,1,0,0,1,1,0,0,0,
SAMEA2533575,0,0,0,0,0,0,0,0,0,0,0,0,0,0,0,
SAMEA2533577,0,0,0,0,0,0,0,0,0,0,0,0,0,0,0,
SAMEA2533596,1,1,1,1,0,0,0,1,0,0,1,1,0,0,1,
SAMEA2533620,0,0,0,0,0,0,0,0,0,0,0,0,0,0,0,
SAMEA2533623,0,0,0,0,0,0,0,0,0,0,0,1,0,0,0,
SAMEA2533624,0,0,0,0,0,0,0,0,0,0,0,0,0,0,0,
SAMEA2533628,0,0,0,0,0,0,0,0,0,0,0,1,0,0,0,
SAMEA2533630,0,0,0,0,0,0,0,0,0,0,0,0,0,0,0,
SAMEA2533641,0,0,0,0,0,0,0,0,0,0,0,0,0,0,0,
SAMEA2533656,0,0,0,0,0,0,0,0,0,0,0,0,0,0,0,
SAMEA2533671,0,0,0,0,0,0,0,0,0,0,0,0,0,0,0,
SAMEA2533675,0,0,0,0,0,0,0,0,0,0,0,1,0,0,0,
SAMEA2533682,0,0,0,0,0,0,0,0,0,0,0,1,0,0,0,
SAMEA2533711,0,0,0,0,0,0,0,0,0,0,0,0,0,0,0,
SAMEA2533713,0,0,0,0,0,0,0,0,0,0,0,0,0,0,0,
SAMEA2533716,1,1,1,1,0,0,0,1,0,0,1,1,0,0,1,
SAMEA2533778,0,0,0,0,0,0,0,0,0,0,0,0,0,0,0,
SAMEA2533789,0,0,0,0,0,0,0,0,0,0,0,1,0,0,0,
SAMEA2533802,0,0,0,0,0,0,0,0,0,0,0,0,0,0,0,
SAMEA2533820,0,0,0,0,0,0,0,0,0,0,0,0,0,0,0,
SAMEA2533856,1,1,1,1,0,0,0,1,0,0,1,1,0,0,1,
SAMEA2533906,0,0,0,0,0,0,0,0,0,0,0,1,0,0,0,
SAMEA2533936,1,1,1,1,0,0,0,1,0,0,1,1,0,0,1,
SAMEA2533958,0,0,0,0,0,0,0,0,0,0,0,0,0,0,0,
SAMEA2533963,1,1,1,1,0,0,0,1,0,0,1,1,0,0,1,
SAMEA2533999,0,0,0,0,0,0,0,0,0,0,0,0,0,0,0,
SAMEA2534002,0,0,0,0,0,0,0,1,0,0,1,1,0,0,0,
SAMEA2534045,1,0,1,1,0,0,1,1,0,0,1,1,0,0,0,
SAMEA2534047,0,0,0,0,0,0,0,0,0,0,0,0,0,0,0,
SAMEA2534055,0,0,0,0,0,0,0,0,0,0,0,0,0,0,0,
SAMEA2534122,0,0,0,0,0,0,0,0,0,0,0,0,0,0,0,
SAMEA2534123,0,0,0,0,0,0,0,0,0,0,0,0,0,0,0,
SAMEA2534168,0,0,0,0,0,0,0,0,0,0,0,0,0,0,0,
SAMEA2534228,0,0,0,0,0,0,0,0,0,0,0,1,0,0,0,
SAMEA2534252,0,0,0,0,0,0,0,0,0,0,0,0,0,0,0,
SAMEA2534318,0,0,1,1,0,0,0,1,0,0,1,1,0,0,0,
SAMEA2534326,1,1,1,1,0,0,0,1,0,0,1,1,0,0,1,
SAMEA2534347,1,0,1,1,0,1,0,1,0,0,1,1,0,0,1,
SAMEA2534363,0,0,0,0,0,0,0,0,0,0,0,1,0,0,0,
SAMEA2534365,1,1,1,1,0,0,0,0,0,0,0,0,0,0,0,
SAMEA2534389,1,0,1,1,1,1,0,1,0,0,1,1,0,0,1,
SAMEA2534410,0,0,0,0,0,0,0,0,0,0,0,0,0,0,0,
SAMEA2534518,1,1,1,1,0,0,0,1,0,0,1,1,0,0,1,
SAMEA2534521,0,0,1,1,0,0,0,0,0,0,0,1,0,0,0,
SAMEA2534607,1,0,1,1,0,1,0,1,0,0,1,1,0,0,0,
SAMEA2534608,0,0,0,0,0,0,0,0,0,0,0,0,0,0,0,
SAMEA2534632,0,0,0,0,0,0,0,0,0,0,0,0,0,0,0,
SAMEA2534668,0,0,0,0,0,0,0,0,0,0,0,0,0,0,0,
SAMEA2534676,1,1,1,1,0,0,0,1,0,0,1,1,0,0,1,
SAMEA2534702,1,1,1,1,0,0,0,1,0,1,1,1,0,0,1,
SAMEA2534709,0,0,0,0,0,0,0,0,0,0,0,0,0,0,0,
SAMEA2534730,0,0,1,1,0,0,0,0,0,0,0,1,0,0,0,
SAMEA2534735,0,0,0,0,0,0,0,0,0,0,0,0,0,0,0,
SAMEA2534745,0,0,0,0,0,0,0,0,0,0,0,1,0,0,0,
SAMEA2534748,0,0,0,0,0,0,0,0,0,0,0,0,0,0,0,
SAMEA2534766,1,0,0,0,0,1,0,0,0,0,0,0,0,0,0,
SAMEA2534776,0,0,0,0,0,0,0,0,0,0,0,0,0,0,0,
SAMEA2534793,0,0,1,1,0,0,0,1,0,0,1,1,0,0,1,
SAMEA2534807,1,0,1,1,0,0,0,0,0,0,0,0,0,0,0,
SAMEA2534844,0,0,0,0,0,0,0,0,0,0,0,0,0,0,0,
SAMEA2534873,0,0,0,0,0,0,0,0,0,0,0,0,0,0,0,
SAMEA2534883,0,0,0,0,0,0,0,0,0,0,0,1,0,0,0,
SAMEA2534884,0,0,0,0,0,0,0,0,0,0,0,1,0,0,0,
SAMEA2534931,0,0,0,0,0,0,0,0,0,0,0,0,0,0,0,
SAMEA2534943,0,0,0,0,0,0,0,0,0,0,0,0,0,0,0,
SAMEA2534978,0,0,0,0,0,0,0,0,0,0,0,1,0,0,0,
SAMEA2534993,0,0,1,0,0,1,0,1,0,0,1,1,0,0,0,
SAMEA2535021,0,0,0,0,0,0,0,0,0,0,0,0,0,0,0,
SAMEA2535028,1,0,1,1,1,0,0,1,0,0,1,1,0,0,0,
SAMEA2535029,1,1,1,0,0,0,0,0,0,0,0,1,0,0,0,
SAMEA2535032,0,0,0,0,0,0,0,0,0,0,0,0,0,0,0,
SAMEA2535039,0,1,1,0,1,0,0,0,0,0,0,0,0,0,0,
SAMEA2535057,0,0,0,0,0,0,0,0,0,0,0,0,0,0,0,
SAMEA2535084,0,0,0,0,0,0,0,0,0,0,0,0,0,0,0,
SAMEA2535107,0,0,0,0,0,0,0,0,0,0,0,0,0,0,0,
SAMEA2535109,0,0,0,0,0,0,0,0,0,0,0,0,0,0,0,
SAMEA2535112,0,0,0,0,0,0,0,0,0,0,0,0,0,0,0,
SAMEA2535115,0,0,0,0,0,0,0,0,0,0,0,0,0,0,0,
SAMEA2535122,0,0,0,0,0,0,0,0,0,0,0,0,0,0,0,
SAMEA2535184,1,0,1,0,0,0,0,0,0,0,0,0,0,0,0,
SAMEA2535186,0,0,1,0,0,0,0,0,0,0,0,0,0,0,0,
SAMEA2535191,0,0,0,0,0,0,0,0,0,0,0,0,0,0,0,
SAMEA2535202,0,0,0,0,0,0,0,0,0,0,0,0,0,0,0,
SAMEA2535203,1,1,1,1,0,0,0,1,0,1,1,1,0,0,1,
SAMEA2535213,0,1,0,1,1,0,0,1,0,0,1,1,0,0,0,
SAMEA2535224,0,0,0,0,0,0,0,0,0,0,0,0,0,0,0,
SAMEA2535254,0,0,0,0,0,0,0,0,0,0,0,0,0,0,0,
SAMEA2535258,0,0,1,0,0,0,0,0,0,0,0,0,0,0,0,
SAMEA2535263,0,0,0,0,0,0,0,0,0,0,0,0,0,0,0,
SAMEA2535333,0,0,0,0,0,0,0,0,0,0,0,1,0,0,0,
SAMEA961591,0,0,0,0,0,0,0,0,0,0,0,0,0,0,0,
SAMEA961598,0,0,0,0,0,0,0,0,0,0,0,0,0,0,0,
SAMEA961601,0,0,0,0,0,0,0,0,0,0,0,0,0,0,0,
SAMEA961603,0,0,0,0,0,0,0,0,0,0,0,0,0,0,0,
SAMEA961628,0,0,0,0,0,0,0,0,0,0,0,0,0,0,0,
SAMEA961630,0,0,0,0,0,0,0,0,0,0,0,0,0,0,0,
SAMEA961633,0,0,0,0,0,0,0,0,0,0,0,0,0,0,0,
SAMEA961653,0,0,0,0,0,0,0,0,0,0,0,0,0,0,0,
SAMEA961670,0,0,0,0,0,0,0,0,0,0,0,0,0,0,0,
SAMEA961673,0,0,0,1,0,0,0,0,0,0,0,0,0,0,0,
SAMN01828242,0,0,0,0,0,0,0,0,0,0,0,1,0,0,0,
SAMN01828243,0,1,1,0,1,0,0,0,1,1,0,0,1,0,0,
SAMN01828249,1,1,1,0,0,0,0,0,0,1,0,0,0,0,0,
SAMN02053743,0,0,0,0,0,0,0,0,0,0,0,1,0,0,0,
SAMN02053762,0,0,1,0,0,0,0,0,0,0,0,0,0,0,0,
SAMN02053763,0,1,1,1,0,0,0,0,0,0,0,0,1,0,0,
SAMN02053766,0,1,1,0,1,0,0,0,1,1,0,0,1,0,0,
SAMN02053772,0,0,0,0,0,0,0,0,0,0,0,1,0,0,0,
SAMN02053793,0,0,1,0,0,0,0,0,0,0,0,0,0,0,0,
SAMN02053794,0,1,1,0,0,0,0,0,0,0,0,0,0,0,0,
SAMN02053804,0,1,1,0,0,0,0,0,0,1,0,0,0,0,0,
SAMN02053823,0,0,0,0,0,0,0,0,0,0,0,1,0,0,0,
SAMN02231108,0,0,0,0,0,0,0,0,0,0,0,0,0,0,0,
SAMN02231119,0,0,0,0,0,0,0,0,0,0,0,1,0,0,0,
SAMN02231126,0,0,0,0,0,0,0,0,0,0,0,1,0,0,0,
SAMN02231145,0,0,0,0,0,0,0,0,0,0,0,1,0,0,0,
SAMN02231158,1,0,0,0,0,0,0,0,0,0,0,0,0,0,0,
SAMN02350413,0,1,1,0,1,0,0,0,1,1,0,0,1,0,0,
SAMN02350426,0,1,1,0,1,0,0,0,1,1,0,0,1,0,0,
SAMN02350428,1,0,1,0,0,1,0,0,0,0,0,0,0,0,0,
SAMN02350433,0,1,1,0,1,0,0,0,1,1,0,0,1,0,0,
SAMN02350436,1,1,0,0,1,0,0,1,0,0,1,1,0,0,0,
SAMN02350446,0,0,0,0,0,0,0,0,0,0,0,0,0,0,0,
SAMN02350448,0,0,0,0,0,0,0,0,0,0,0,0,0,0,0,
SAMN02350455,0,0,0,0,0,0,0,0,0,0,0,1,0,0,0,
SAMN02350457,0,0,0,0,0,0,0,0,0,0,0,1,0,0,0,
SAMN02350460,1,0,1,1,0,1,0,0,0,0,0,0,0,0,0,
SAMN02360569,0,1,0,0,1,0,0,0,0,0,0,1,0,0,0,
SAMN02360571,0,0,0,0,0,0,0,0,0,0,0,1,0,0,0,
SAMN02360604,1,0,0,0,0,0,1,0,1,0,0,1,0,0,0,
SAMN02360608,1,0,0,0,0,1,0,0,0,0,0,1,0,1,0,
SAMN02360610,0,0,1,1,1,1,0,0,1,0,0,1,0,0,0,
SAMN02360615,0,0,1,0,0,0,0,0,0,0,0,1,0,0,0,
SAMN02360619,1,0,1,0,1,0,1,0,0,0,0,1,0,1,0,
SAMN02364088,0,0,0,0,0,0,0,0,0,0,0,1,0,0,0,
SAMN02364093,0,0,0,0,0,0,0,1,0,0,1,1,0,0,0,
SAMN02380988,0,0,0,0,0,0,0,0,0,0,0,0,0,0,0,
SAMN02380997,1,0,0,0,0,0,0,0,0,0,0,0,0,0,0,
SAMN02380999,0,0,0,0,0,0,0,0,0,0,0,0,0,0,0,
SAMN02381012,1,0,1,0,0,1,0,0,0,0,0,0,0,0,0,
SAMN02381025,0,0,0,1,0,0,0,0,0,0,0,0,0,0,0,
SAMN02381032,0,0,1,1,0,0,0,1,0,0,1,1,0,0,0,
SAMN02381046,0,0,0,0,0,0,0,0,0,0,0,0,0,0,0,
SAMN02403491,0,0,1,0,1,1,0,0,0,0,0,1,1,0,0,
SAMN02403515,1,0,0,0,0,0,1,0,0,0,0,0,0,0,0,
SAMN02403517,0,0,1,0,0,1,0,0,0,0,0,0,0,0,0,
SAMN02403537,1,0,1,0,0,1,1,0,0,0,0,0,0,0,0,
SAMN02403555,1,0,1,1,1,1,0,0,0,0,0,0,0,0,0,
SAMN02403567,0,1,1,0,1,0,0,0,0,1,0,0,0,0,0,
SAMN02403589,0,0,1,0,0,0,0,0,0,0,0,0,0,0,0,
SAMN02414848,0,0,0,0,0,0,0,0,0,0,0,0,0,0,0,
SAMN02414872,0,0,0,0,0,0,0,0,0,0,0,0,0,0,0,
SAMN02414880,1,0,1,1,0,0,1,0,0,0,0,1,0,0,0,
SAMN02414904,0,0,1,0,1,1,0,0,0,0,0,0,1,0,0,
SAMN02414911,1,0,1,0,1,0,0,0,0,0,0,0,0,0,0,
SAMN02414919,1,0,1,0,0,0,0,1,0,0,1,1,0,0,0,
SAMN02414924,1,0,0,0,0,0,0,0,0,0,0,0,0,0,0,
SAMN02414933,1,0,1,0,0,0,0,0,0,0,0,0,0,0,0,
SAMN02414938,0,0,1,1,0,0,0,0,0,0,0,0,0,0,0,
SAMN02414955,0,0,1,1,0,1,0,0,0,0,0,0,1,0,0,
SAMN02414957,1,0,1,0,0,0,0,0,0,0,0,0,0,0,0,
SAMN02414965,1,0,1,1,1,0,0,1,0,0,1,1,0,0,1,
SAMN02414969,0,0,0,0,0,0,0,1,0,0,1,1,0,0,0,
SAMN02414970,1,1,1,0,0,0,0,0,0,0,0,0,0,0,0,
SAMN02414971,1,0,1,0,0,0,0,0,0,0,0,0,0,0,0,
SAMN02419539,0,0,0,0,0,0,0,0,0,0,0,1,0,0,0,
SAMN02419546,0,0,0,0,0,0,0,0,0,0,0,1,0,0,0,
SAMN02419556,1,0,1,0,0,0,0,1,0,0,1,1,0,0,0,
SAMN02419564,1,1,1,0,1,0,0,1,0,0,1,1,0,1,0,
SAMN02419572,0,0,1,0,1,0,1,0,0,0,0,0,0,0,0,
SAMN02419573,1,1,1,1,0,0,0,1,0,0,1,1,0,1,1,
SAMN02419574,1,1,1,1,0,0,0,1,0,0,1,1,0,0,0,
SAMN02419577,1,0,1,1,0,0,0,1,0,0,1,1,0,1,0,
SAMN02419592,1,0,1,1,0,0,0,1,0,0,1,1,0,1,0,
SAMN02419599,1,1,1,1,0,0,0,0,0,0,0,0,0,0,0,
SAMN02419606,1,0,1,1,1,1,0,1,1,1,1,1,0,0,0,
SAMN02419607,0,0,1,0,1,0,1,0,0,0,0,1,0,1,0,
SAMN02419631,1,0,1,1,0,1,0,1,0,1,1,1,0,0,0,
SAMN02419638,1,0,1,1,0,1,0,1,1,1,1,1,0,0,0,
SAMN02419642,0,0,0,0,0,0,0,0,0,0,0,0,0,0,0,
SAMN02419653,0,0,1,0,0,0,1,0,0,0,0,0,0,0,0,
SAMN02419654,0,0,1,0,0,0,1,0,1,0,0,0,0,0,0,
SAMN02419655,1,0,1,1,1,1,0,1,0,1,1,1,0,0,0,
SAMN02419659,1,0,1,1,1,1,0,1,0,1,1,1,0,1,0,
SAMN02419664,1,0,1,1,1,1,0,1,0,1,1,1,0,1,0,
SAMN02419670,1,0,1,0,1,0,0,0,0,0,0,0,0,0,0,
SAMN02419686,0,0,0,0,0,0,0,1,0,0,1,1,0,0,0,
SAMN02567672,0,0,0,0,0,0,0,0,0,0,0,0,0,0,0,
SAMN02567705,1,0,0,0,1,0,0,0,0,0,0,0,0,0,0,
SAMN02567712,0,0,1,1,1,0,1,0,0,0,0,1,1,0,0,
SAMN02567715,1,0,1,0,0,0,0,0,0,0,0,0,0,0,0,
SAMN02567718,1,0,1,0,0,0,1,0,0,0,0,0,0,0,0,
SAMN02567728,1,1,1,0,0,0,0,0,0,0,0,0,0,0,0,
SAMN02567732,1,0,1,0,1,0,1,0,0,0,0,0,0,0,0,
SAMN02584595,1,0,1,0,0,0,0,0,0,0,0,0,0,0,0,
SAMN02584607,0,0,0,0,0,0,0,1,0,0,1,1,0,0,0,
SAMN02584627,1,0,1,1,0,1,0,0,0,0,0,0,0,0,0,
SAMN02584635,1,0,1,0,0,0,1,0,0,0,0,0,0,0,0,
SAMN02584655,0,0,0,0,0,0,0,0,0,0,0,0,0,0,0,
SAMN02584660,0,0,0,0,0,0,0,1,0,0,1,1,0,0,0,
SAMN02584667,0,0,0,0,0,0,0,0,0,0,0,0,0,0,0,
SAMN02585891,0,0,0,0,0,0,0,0,0,0,0,1,0,0,0,
SAMN02585912,0,0,0,0,0,0,0,0,0,0,0,1,0,0,0,
SAMN02585927,0,0,0,0,0,0,0,0,0,0,0,0,0,0,0,
SAMN02585928,0,0,0,0,0,0,0,0,0,0,0,0,0,0,0,
SAMN02585929,0,0,0,0,0,0,0,0,0,0,0,1,0,0,0,
SAMN02585941,0,0,0,0,0,0,0,0,0,0,0,1,0,0,0,
SAMN02586029,0,0,1,1,0,1,0,0,0,1,0,0,1,0,0,
SAMN02586045,1,1,1,0,0,0,0,0,0,1,0,0,0,0,0,
SAMN02598958,0,0,0,0,0,0,0,0,0,0,0,0,0,0,0,
SAMN02598965,0,0,0,0,0,0,0,0,0,0,0,0,0,0,0,
SAMN02598973,0,0,1,0,0,0,0,0,0,0,0,0,0,0,0,
SAMN02598977,0,0,0,0,0,0,0,0,0,0,0,0,0,0,0,
SAMN02598986,0,0,0,0,0,0,0,0,0,0,0,0,0,0,0,
SAMN02598995,0,0,0,0,0,0,0,0,0,0,0,0,0,0,0,
SAMN02599008,0,0,1,0,0,0,0,0,0,0,0,0,0,0,0,
SAMN02599009,0,0,0,0,0,0,0,0,0,0,0,0,0,0,0,
SAMN02599026,0,0,0,0,0,0,0,0,0,0,0,0,0,0,0,
SAMN02599039,0,0,1,0,0,0,0,0,0,0,0,0,0,0,0,
SAMN02599063,0,0,0,0,0,0,0,0,0,0,0,0,0,0,0,
SAMN02599068,0,0,0,0,0,0,0,0,0,0,0,0,0,0,0,
SAMN02599075,0,0,0,0,0,0,0,0,0,0,0,0,0,0,0,
SAMN02599076,0,0,0,0,0,0,0,0,0,0,0,1,0,0,0,
SAMN02599086,0,0,0,0,0,0,0,0,0,0,0,0,0,0,0,
SAMN02599096,0,0,0,1,0,0,0,0,0,0,0,1,1,0,0,
SAMN02599100,0,0,0,0,0,0,0,0,0,0,0,0,0,0,0,
SAMN02599101,0,0,0,0,0,0,0,0,0,0,0,0,0,0,0,
SAMN02599107,0,0,0,0,0,0,0,0,0,0,0,0,0,0,0,
SAMN02599113,0,0,0,0,0,0,0,0,0,0,0,0,0,0,0,
SAMN02599145,0,0,0,0,0,0,0,0,0,0,0,0,0,0,0,
SAMN02599152,0,0,0,0,0,0,0,0,0,0,0,0,0,0,0,
SAMN02599161,0,0,0,0,0,0,0,0,0,0,0,0,0,0,0,
SAMN02673324,1,0,1,0,0,0,0,0,0,0,0,1,0,0,0,
SAMN03647097,0,0,0,0,0,0,0,0,0,0,0,0,0,0,0,
SAMN03647107,0,0,0,0,0,0,0,0,0,0,0,0,0,0,0,
SAMN03647137,0,0,1,0,0,0,0,0,0,0,0,0,0,0,0,
SAMN03647149,0,0,1,0,0,1,0,0,0,0,0,0,1,1,0,
SAMN03647168,0,0,0,0,0,0,0,0,0,0,0,0,0,0,0,
SAMN03647200,0,0,0,0,0,0,0,0,0,0,0,0,0,0,0,
SAMN03647213,0,0,0,0,0,0,0,0,0,0,0,0,0,0,0,
SAMN03647214,0,0,0,0,0,0,0,0,0,0,0,0,0,0,0,
SAMN03647221,0,0,0,0,0,0,0,0,0,0,0,0,0,0,0,
SAMN03647222,0,0,0,0,0,0,0,0,0,0,0,0,0,0,0,
SAMN03647239,0,0,0,0,0,0,0,0,0,0,0,0,0,0,0,
SAMN03647249,0,0,0,0,0,0,0,0,0,0,0,0,0,0,0,
SAMN03647274,1,0,0,0,0,0,0,0,0,0,0,0,0,0,0,
SAMN03647285,0,0,0,0,0,0,0,0,0,0,0,0,0,0,0,
SAMN03647286,0,0,0,0,0,0,0,0,0,0,0,0,0,0,0,
SAMN03647328,0,0,0,0,0,0,0,0,0,0,0,0,0,0,0,
SAMN03647331,0,0,1,0,0,0,0,0,0,0,0,0,0,0,0,
SAMN03647338,0,0,0,0,0,0,0,1,0,0,1,1,0,0,0,
SAMN03647342,0,0,0,0,0,0,0,0,0,0,0,0,0,0,0,
SAMN03647352,0,0,1,0,0,0,0,0,0,0,0,0,0,0,0,
SAMN03647357,0,0,0,0,0,0,0,0,0,0,0,0,0,0,0,
SAMN03647367,0,0,0,0,0,0,0,0,0,0,0,1,0,0,0,
SAMN03647382,0,0,1,0,0,0,0,0,0,0,0,0,0,0,0,
SAMN03647390,1,0,0,0,0,0,0,0,0,0,0,0,0,0,0,
SAMN03647396,0,0,0,0,0,0,0,0,0,0,0,0,0,0,0,
SAMN03647399,0,0,0,0,0,0,0,0,0,0,0,0,0,0,0,
SAMN03647424,0,0,0,0,0,0,0,0,0,0,0,0,0,0,0,
SAMN03647435,0,0,0,0,0,0,0,0,0,0,0,0,0,0,0,
SAMN03647436,0,0,0,0,0,0,0,0,0,0,0,0,0,0,0,
SAMN03647437,0,0,0,0,0,0,0,0,0,0,0,0,0,0,0,
SAMN03647441,0,0,0,0,0,0,0,0,0,0,0,0,0,0,0,
SAMN03647442,0,0,0,0,0,0,0,0,0,0,0,0,0,0,0,
SAMN03647445,0,0,1,1,0,1,0,0,0,0,0,0,0,0,0,
SAMN03647464,0,0,0,0,0,0,0,0,0,0,0,0,0,0,0,
SAMN03647465,0,0,0,0,0,0,0,0,0,0,0,0,0,0,0,
SAMN03647496,0,0,0,0,0,0,0,0,0,0,0,0,0,0,0,
SAMN03647509,0,0,0,0,0,0,0,0,0,0,0,0,0,0,0,
SAMN03647527,0,0,0,0,0,0,0,0,0,0,0,0,0,0,0,
SAMN03647529,0,0,0,0,0,0,0,0,0,0,0,0,0,0,0,
SAMN03647530,0,0,0,0,0,0,0,0,0,0,0,0,0,0,0,
SAMN03647539,0,0,0,0,0,0,0,0,0,0,0,0,0,0,0,
SAMN03647561,0,0,1,0,0,0,0,0,0,0,0,0,0,0,0,
SAMN03647575,1,0,1,0,0,0,0,0,0,0,0,1,0,0,0,
SAMN03647584,0,0,0,0,0,0,0,0,0,0,0,0,0,0,0,
SAMN03647587,0,0,0,0,0,0,0,0,0,0,0,0,0,0,0,
SAMN03647596,0,0,0,0,0,0,0,0,0,0,0,1,0,0,0,
SAMN03647603,0,0,0,0,0,0,0,0,0,0,0,0,0,0,0,
SAMN03647634,0,0,0,0,0,0,0,0,0,0,0,0,0,0,0,
SAMN03647644,0,0,0,0,0,0,0,0,0,0,0,0,0,0,0,
SAMN03647648,0,0,0,0,0,0,0,0,0,0,0,0,0,0,0,
SAMN03647651,0,0,0,0,0,0,0,0,0,0,0,0,0,0,0,
SAMN03647654,0,0,0,0,0,0,0,0,0,0,0,0,0,0,0,
SAMN03647673,0,0,0,0,0,0,0,0,0,0,0,0,0,0,0,
SAMN03647697,0,0,0,0,0,0,0,0,0,0,0,0,0,0,0,
SAMN03647702,0,0,0,0,0,0,0,0,0,0,0,0,0,0,0,
SAMN03647711,0,0,0,0,0,0,0,0,0,0,0,0,0,0,0,
SAMN03647716,0,0,0,0,0,0,0,0,0,0,0,1,0,0,0,
SAMN03647723,0,0,0,0,0,0,0,0,0,0,0,0,0,0,0,
SAMN03647737,0,0,0,0,0,0,0,0,0,0,0,0,0,0,0,
SAMN03647790,0,0,0,0,0,0,0,0,0,0,0,0,0,0,0,
SAMN03647813,0,0,0,0,0,0,0,0,0,0,0,0,0,0,0,
SAMN03647815,0,0,0,0,0,0,0,0,0,0,0,0,0,0,0,
SAMN03647840,0,0,0,0,0,0,0,0,0,0,0,0,0,0,0,
SAMN03647845,0,0,0,0,0,0,0,0,0,0,0,0,0,0,0,
SAMN03647846,0,0,0,0,0,0,0,0,0,0,0,0,0,0,0,
SAMN03647855,0,0,0,0,0,0,0,0,0,0,0,0,0,0,0,
SAMN03647859,0,0,0,0,0,0,0,0,0,0,0,1,0,0,0,
SAMN03647862,0,0,0,0,0,0,0,0,0,0,0,0,0,0,0,
SAMN03647879,0,0,0,0,0,0,0,0,0,0,0,0,0,0,0,
SAMN03647889,0,0,0,0,0,0,0,0,0,0,0,0,0,0,0,
SAMN03647901,0,0,0,0,0,0,0,0,0,0,0,0,0,0,0,
SAMN03647905,0,0,0,0,0,0,0,0,0,0,0,0,0,0,0,
SAMN03647907,0,0,0,0,0,0,0,0,0,0,0,0,0,0,0,
SAMN03647908,0,0,0,0,0,0,0,0,0,0,0,0,0,0,0,
SAMN03647968,0,0,0,0,0,0,0,0,0,0,0,0,0,0,0,
SAMN03647971,0,0,0,0,0,0,0,0,0,0,0,0,0,0,0,
SAMN03647982,0,0,0,0,0,0,0,0,0,0,0,0,0,0,0,
SAMN03647988,0,0,0,0,0,0,0,0,0,0,0,0,0,0,0,
SAMN03648007,0,0,0,0,0,0,0,0,0,0,0,0,0,0,0,
SAMN03648022,0,0,1,0,0,0,0,0,0,0,0,0,0,0,0,
SAMN03648045,0,0,0,0,0,0,0,0,0,0,0,0,0,0,0,
SAMN03648048,0,0,1,0,0,0,0,0,0,0,0,0,0,0,0,
SAMN03648062,1,1,1,1,1,0,0,1,0,0,1,1,0,0,0,
SAMN03648073,0,0,1,0,0,0,0,0,0,0,0,0,0,0,0,
SAMN03648093,1,1,1,0,0,0,0,0,0,0,0,0,0,0,0,
SAMN03648172,1,0,1,0,0,0,0,0,0,0,0,0,0,0,0,
SAMN03648176,0,0,0,0,0,0,0,0,0,0,0,0,0,0,0,
SAMN03648184,0,0,0,0,0,0,0,0,0,0,0,0,0,0,0,
SAMN03648190,0,0,0,0,0,0,0,0,0,0,0,0,0,0,0,
SAMN03648192,0,0,0,0,0,0,0,0,0,0,0,0,0,0,0,
SAMN03648198,0,0,0,0,0,0,0,0,0,0,0,0,0,0,0,
SAMN03648200,0,0,0,0,0,0,0,0,0,0,0,0,0,0,0,
SAMN03648209,0,0,0,0,0,0,0,0,0,0,0,0,0,0,0,
SAMN03648219,0,0,0,0,0,0,0,0,0,0,0,0,0,0,0,
SAMN03648221,0,0,0,0,0,0,0,0,0,0,0,0,0,0,0,
SAMN03648225,0,0,0,0,0,0,0,0,0,0,0,0,0,0,0,
SAMN03648287,0,0,0,0,0,0,0,0,0,0,0,0,0,0,0,
SAMN03648292,0,0,0,0,0,0,0,0,0,0,0,0,0,0,0,
SAMN03648294,0,0,0,0,0,0,0,0,0,0,0,0,0,0,0,
SAMN03648307,0,0,0,0,0,0,0,0,0,0,0,0,0,0,0,
SAMN03648311,0,0,0,0,0,0,0,0,0,0,0,0,0,0,0,
SAMN03648325,0,0,0,0,0,0,0,0,0,0,0,0,0,0,0,
SAMN03648342,0,0,0,0,0,0,0,0,0,0,0,0,0,0,0,
SAMN03648346,0,0,0,0,0,0,0,0,0,0,0,0,0,0,0,
SAMN03648359,0,0,0,0,0,0,0,0,0,0,0,0,0,0,0,
SAMN03648363,0,0,0,0,0,0,0,0,0,0,0,0,0,0,0,
SAMN03648364,0,0,0,0,0,0,0,0,0,0,0,0,0,0,0,
SAMN03648380,0,0,0,0,0,0,0,0,0,0,0,0,0,0,0,
SAMN03648409,0,0,0,0,0,0,0,0,0,0,0,0,0,0,0,
SAMN03648413,0,0,0,0,0,0,0,0,0,0,0,0,0,0,0,
SAMN03648426,0,0,0,0,0,0,0,0,0,0,0,0,0,0,0,
SAMN03648448,0,0,0,0,0,0,0,0,0,0,0,0,0,0,0,
SAMN03648453,0,0,0,0,0,0,0,0,0,0,0,0,0,0,0,
SAMN03648463,0,0,0,0,0,0,0,0,0,0,0,0,0,0,0,
SAMN03648475,0,0,0,0,0,0,0,0,0,0,0,0,0,0,0,
SAMN03648480,0,0,0,1,0,0,0,0,0,0,0,1,0,0,0,
SAMN03648491,0,0,0,0,0,0,0,0,0,0,0,0,0,0,0,
SAMN03648504,0,0,0,0,0,0,0,0,0,0,0,1,0,0,0,
SAMN03648512,0,0,0,0,0,0,0,1,0,0,1,1,0,0,0,
SAMN03648546,0,0,0,0,0,0,0,0,0,0,0,0,0,0,0,
SAMN03648552,0,0,0,0,0,0,0,0,0,0,0,0,0,0,0,
SAMN03648560,0,0,0,0,0,0,0,0,0,0,0,0,0,0,0,
SAMN03648561,0,0,0,0,0,0,0,0,0,0,0,1,0,0,0,
SAMN03648581,0,0,0,0,0,0,0,0,0,0,0,0,0,0,0,
SAMN03648592,0,0,0,0,0,0,0,0,0,0,0,0,0,0,0,
SAMN03648616,0,0,0,0,0,0,0,0,0,0,0,0,0,0,0,
SAMN03648632,0,0,0,0,0,0,0,0,0,0,0,0,0,0,0,
SAMN03648641,0,0,0,0,0,0,0,0,0,0,0,0,0,0,0,
SAMN03648647,0,0,0,0,0,0,0,0,0,0,0,0,0,0,0,
SAMN03648657,0,0,0,0,0,0,0,0,0,0,0,0,0,0,0,
SAMN03648686,0,0,0,0,0,0,0,0,0,0,0,1,0,0,0,
SAMN03648692,0,0,0,0,0,0,0,0,0,0,0,0,0,0,0,
SAMN03648693,0,0,0,0,0,0,0,0,0,0,0,0,0,0,0,
SAMN03648704,0,0,0,0,0,0,0,0,0,0,0,0,0,0,0,
SAMN03648712,0,0,0,0,0,0,0,0,0,0,0,0,0,0,0,
SAMN03648721,0,0,0,0,0,0,0,0,0,0,0,0,0,0,0,
SAMN03648731,0,0,0,0,0,0,0,0,0,0,0,0,0,0,0,
SAMN03648771,0,0,0,0,0,0,0,0,0,0,0,1,0,0,0,
SAMN03648789,0,0,0,0,0,0,0,0,0,0,0,1,0,0,0,
SAMN03648797,0,0,0,0,0,0,0,0,0,0,0,0,0,0,0,
SAMN03648803,0,0,0,0,0,0,0,0,0,0,0,0,0,0,0,
SAMN03648813,0,0,0,0,0,0,0,0,0,0,0,0,0,1,0,
SAMN03648814,0,0,0,0,0,0,0,0,0,0,0,1,0,0,0,
SAMN03648815,0,0,0,0,0,0,0,0,0,0,0,0,0,0,0,
SAMN03648843,0,0,0,0,0,0,0,0,0,0,0,0,0,0,0,
SAMN03648849,0,0,0,0,0,0,0,0,0,0,0,0,0,0,0,
SAMN03648859,0,0,0,0,0,0,0,0,0,0,0,0,0,0,0,
SAMN03648861,0,0,0,0,0,0,0,0,0,0,0,0,0,0,0,
SAMN03648896,0,0,0,0,0,0,0,0,0,0,0,0,0,0,0,
SAMN03648901,0,0,0,0,0,0,0,0,0,0,0,0,0,0,0,
SAMN03648902,0,0,0,0,0,0,0,0,0,0,0,1,0,0,0,
SAMN03648921,0,0,0,0,0,0,0,0,0,0,0,0,0,0,0,
SAMN03648926,0,0,0,0,0,0,0,0,0,0,0,1,0,0,0,
SAMN03648930,0,0,0,0,0,0,0,0,0,0,0,1,0,0,0,
SAMN03648942,0,0,0,0,0,0,0,0,0,0,0,1,0,0,0,
SAMN03648943,0,0,0,0,0,0,0,0,0,0,0,0,0,0,0,
SAMN03648944,0,0,0,0,0,0,0,0,0,0,0,0,0,0,0,
SAMN03648950,0,0,0,0,0,0,0,0,0,0,0,0,0,0,0,
SAMN03648955,0,0,0,0,0,0,0,0,0,0,0,1,0,0,0,
SAMN03648970,0,0,0,0,0,0,0,0,0,0,0,0,0,0,0,
SAMN03648989,0,0,0,0,0,0,0,0,0,0,0,1,0,0,0,
SAMN03649012,0,0,0,0,0,0,0,0,0,0,0,0,0,0,0,
SAMN03649016,0,0,0,0,0,0,0,0,0,0,0,0,0,0,0,
SAMN03649030,0,0,0,0,0,0,0,0,0,0,0,0,0,0,0,
SAMN03649047,0,0,0,0,0,0,0,0,0,0,0,0,0,0,0,
SAMN03649052,0,0,0,0,0,0,0,0,0,0,0,0,0,0,0,
SAMN03649053,0,0,1,0,0,0,1,0,0,0,0,0,0,0,0,
SAMN03649070,0,0,0,0,0,0,0,0,0,0,0,0,0,0,0,
SAMN03649072,0,0,0,0,0,0,0,0,0,0,0,0,0,0,0,
