Isolate,NC_000962.3_761155,NC_000962.3_2155168,NC_000962.3_4247429,NC_000962.3_2986827,NC_000962.3_1473246,NC_000962.3_2289252,NC_000962.3_4247431,NC_000962.3_2922846,NC_000962.3_2289213,NC_000962.3_4327484,NC_000962.3_1218896,NC_000962.3_3336620,NC_000962.3_761161,NC_000962.3_3928247,NC_000962.3_7570,phenotype
SAMEA1018840,0,0,0,0,0,0,0,0,0,0,0,0,0,0,0,
SAMEA1018857,0,0,0,0,0,0,0,0,0,0,0,0,0,0,0,
SAMEA1018872,0,0,0,0,0,0,0,0,0,0,0,0,0,0,0,
SAMEA1018911,0,0,0,0,0,0,0,0,0,0,0,0,0,0,0,
SAMEA1018916,0,0,0,0,0,0,0,0,0,0,0,0,0,0,0,
SAMEA1018925,0,0,0,0,0,0,0,0,0,0,0,0,0,0,0,
SAMEA1018934,0,0,0,0,0,0,0,0,0,0,0,0,0,0,0,
SAMEA1018935,0,0,0,0,0,0,0,0,0,0,1,0,0,0,0,
SAMEA1018958,0,0,0,0,0,0,0,0,0,0,0,0,0,0,0,
SAMEA1018962,0,0,0,0,0,0,0,1,0,0,0,0,0,0,0,
SAMEA1018989,0,0,0,0,0,0,0,0,0,0,0,0,0,0,0,
SAMEA1018990,0,0,0,0,0,0,0,0,0,0,0,0,0,0,0,
SAMEA1019001,0,0,0,0,0,0,0,0,0,0,0,0,0,0,0,
SAMEA1019003,0,0,0,0,0,0,0,0,0,0,0,0,0,0,0,
SAMEA1019012,0,0,0,0,0,0,0,0,0,0,0,0,0,0,0,
SAMEA1019016,0,0,0,0,0,0,0,0,0,0,0,0,0,0,0,
SAMEA1019037,0,0,0,0,0,0,0,0,0,0,0,0,0,0,0,
SAMEA1019052,0,0,0,0,0,0,0,0,0,0,0,0,0,0,0,
SAMEA1019066,0,0,0,0,0,0,0,0,0,0,0,0,0,0,0,
SAMEA1019082,0,0,0,0,0,0,0,0,0,0,0,0,0,0,0,
SAMEA1019110,0,0,0,0,0,0,0,0,0,0,0,0,0,0,0,
SAMEA1019146,0,0,0,0,0,0,0,0,0,0,0,0,0,0,0,
SAMEA1019181,0,0,0,0,0,0,0,0,0,0,0,0,0,0,0,
SAMEA1019198,0,0,0,0,0,0,0,0,0,0,0,0,0,0,0,
SAMEA1019281,0,0,0,0,0,0,0,0,0,0,0,0,0,0,0,
SAMEA1019299,0,0,0,0,0,0,0,0,0,0,0,0,0,0,0,
SAMEA1019306,0,0,0,0,0,0,0,0,0,0,0,0,0,0,0,
SAMEA1019324,0,0,0,0,0,0,0,0,0,0,0,0,0,0,0,
SAMEA1019330,0,0,0,0,0,0,0,0,0,0,0,0,0,0,0,
SAMEA2297000,0,0,0,0,0,0,0,0,0,0,0,0,0,0,0,
SAMEA2297015,0,0,0,0,0,0,0,0,0,0,0,0,0,0,0,
SAMEA2297029,0,0,0,0,0,0,0,1,0,0,1,0,0,0,0,
SAMEA2297032,0,0,0,0,0,0,0,0,0,0,0,0,0,0,0,
SAMEA2297037,0,0,0,0,0,0,0,0,0,0,0,0,0,0,0,
SAMEA2297043,0,0,0,0,0,0,0,0,0,0,0,0,0,0,0,
SAMEA2297046,0,0,0,0,0,0,0,0,0,0,0,0,0,0,0,
SAMEA2297062,0,0,0,0,0,0,0,0,0,0,0,0,0,0,0,
SAMEA2297084,0,0,0,0,0,0,0,0,0,0,0,0,0,0,0,
SAMEA2297113,0,0,0,0,0,0,0,0,0,0,0,0,0,0,0,
SAMEA2297133,0,0,0,0,0,0,0,0,0,0,0,0,0,0,0,
SAMEA2297141,0,0,0,0,0,0,0,1,0,0,1,0,0,0,0,
SAMEA2297157,0,0,0,0,0,0,0,0,0,0,0,0,0,0,0,
SAMEA2297171,0,0,0,0,0,0,0,0,0,0,0,0,0,0,0,
SAMEA2297178,0,0,0,0,0,0,0,0,0,0,0,0,0,0,0,
SAMEA2297181,0,0,0,0,0,0,0,0,0,0,0,0,0,0,0,
SAMEA2297182,0,0,0,0,0,0,0,0,0,0,0,0,0,0,0,
SAMEA2297200,0,0,0,0,0,0,0,0,0,0,0,0,0,0,0,
SAMEA2297201,0,0,0,0,0,0,0,0,0,0,0,0,0,0,0,
SAMEA2533341,0,0,0,0,0,0,0,0,0,0,0,0,0,0,0,
SAMEA2533342,0,0,0,0,0,0,0,0,0,0,0,0,0,0,0,
SAMEA2533364,1,1,0,0,1,0,0,1,0,0,1,0,0,0,0,
SAMEA2533365,0,1,0,0,0,0,0,0,0,0,0,0,0,0,0,
SAMEA2533375,0,0,0,0,0,0,0,0,0,0,0,0,0,0,0,
SAMEA2533427,0,0,0,0,0,0,0,0,0,0,0,0,0,0,0,
SAMEA2533429,0,0,0,0,0,0,0,0,0,0,0,0,0,0,0,
SAMEA2533440,1,1,1,1,0,0,0,1,1,0,1,0,0,0,0,
SAMEA2533447,0,0,0,0,0,0,0,0,0,0,0,0,0,0,0,
SAMEA2533454,0,0,0,0,0,0,0,0,0,0,0,0,0,0,0,
SAMEA2533471,0,0,0,0,0,0,0,0,0,0,0,0,0,0,0,
SAMEA2533475,0,0,0,0,0,0,0,0,0,0,0,0,0,0,0,
SAMEA2533480,0,0,0,0,0,0,0,0,0,0,0,0,0,0,0,
SAMEA2533513,1,1,0,0,1,0,1,0,0,0,1,0,0,0,0,
SAMEA2533577,0,0,0,0,0,0,0,0,0,0,0,0,0,0,0,
SAMEA2533583,0,1,0,1,0,0,0,1,0,0,0,1,0,0,0,
SAMEA2533596,1,1,1,1,0,0,0,0,0,0,1,0,0,0,0,
SAMEA2533597,0,0,0,0,0,0,0,0,0,0,0,0,0,0,0,
SAMEA2533602,0,0,0,0,0,0,0,0,0,0,0,0,0,0,0,
SAMEA2533629,0,0,0,0,0,0,0,0,0,0,0,0,0,0,0,
SAMEA2533633,0,0,0,0,0,0,0,0,0,0,0,0,0,0,0,
SAMEA2533647,0,1,0,1,0,0,0,0,0,0,0,0,0,0,0,
SAMEA2533662,0,0,0,0,0,0,0,0,0,0,0,0,0,0,0,
SAMEA2533699,0,0,0,0,0,0,0,0,0,0,0,0,0,0,0,
SAMEA2533700,0,0,0,0,0,0,0,0,0,0,0,0,0,0,0,
SAMEA2533714,0,0,0,0,0,0,0,0,0,0,0,0,0,0,0,
SAMEA2533724,1,1,1,1,0,0,0,0,1,0,0,0,0,0,0,
SAMEA2533793,0,1,0,0,0,0,0,1,0,0,1,0,0,0,0,
SAMEA2533802,0,0,0,0,0,0,0,0,0,0,0,0,0,0,0,
SAMEA2533821,0,0,0,0,0,0,0,0,0,0,0,0,0,0,0,
SAMEA2533835,1,1,1,1,0,0,0,1,1,0,0,1,0,0,0,
SAMEA2533841,0,0,0,0,0,0,0,0,0,0,0,0,0,0,0,
SAMEA2533873,0,0,0,0,0,0,0,0,0,0,0,0,0,0,0,
SAMEA2533902,1,0,0,0,0,0,0,0,0,0,0,0,0,0,0,
SAMEA2533904,0,0,0,0,0,0,0,0,0,0,0,0,0,0,0,
SAMEA2533920,0,0,0,0,0,0,0,0,0,0,0,0,0,0,0,
SAMEA2533921,0,0,0,0,0,0,0,0,0,0,0,0,0,0,0,
SAMEA2533922,1,1,0,0,0,0,0,0,0,0,0,0,0,0,0,
SAMEA2533930,0,0,0,0,0,0,0,0,0,0,0,0,0,0,0,
SAMEA2533971,0,1,0,0,1,0,0,1,0,0,1,0,1,0,0,
SAMEA2533999,0,0,0,0,0,0,0,0,0,0,0,0,0,0,0,
SAMEA2534001,0,0,0,0,0,0,0,0,0,0,0,0,0,0,0,
SAMEA2534018,0,1,1,0,0,0,0,1,0,0,1,0,0,0,0,
SAMEA2534074,0,0,0,0,0,0,1,0,0,0,0,0,0,0,0,
SAMEA2534094,0,0,0,0,0,0,0,0,0,0,0,0,0,0,0,
SAMEA2534123,0,0,0,0,0,0,0,0,0,0,0,0,0,0,0,
SAMEA2534138,0,0,0,0,0,0,0,0,0,0,0,0,0,0,0,
SAMEA2534141,0,0,0,0,0,0,0,0,0,0,0,0,0,0,0,
SAMEA2534162,1,1,1,0,0,0,0,0,0,0,0,0,0,0,0,
SAMEA2534176,0,0,0,0,0,0,0,0,0,0,0,0,0,0,0,
SAMEA2534207,1,1,1,1,0,0,0,1,0,0,0,1,0,0,0,
SAMEA2534209,0,0,0,0,0,0,0,0,0,0,0,0,0,0,0,
SAMEA2534265,0,0,0,0,0,0,0,0,0,0,0,0,0,0,0,
SAMEA2534273,1,1,0,0,0,0,0,1,0,0,1,0,0,0,0,
SAMEA2534309,0,1,1,0,0,0,0,1,0,0,1,1,0,0,0,
SAMEA2534316,0,0,0,0,0,0,0,0,0,0,0,0,0,0,0,
SAMEA2534333,1,1,0,0,0,0,0,0,0,0,1,0,0,0,0,
SAMEA2534337,0,0,0,0,0,0,0,0,0,0,0,0,0,0,0,
SAMEA2534356,0,1,0,0,0,0,0,0,0,0,0,0,0,0,0,
SAMEA2534411,1,1,0,0,0,0,1,0,0,0,0,0,0,0,0,
SAMEA2534424,0,0,0,0,0,0,0,0,0,0,0,1,0,0,0,
SAMEA2534433,0,0,0,0,0,0,0,1,0,0,1,0,0,0,0,
SAMEA2534438,0,1,1,0,0,0,0,0,0,0,0,0,0,0,0,
SAMEA2534442,1,1,1,1,0,0,0,0,1,0,1,0,0,0,0,
SAMEA2534451,0,0,0,0,0,0,0,0,0,0,0,0,0,0,0,
SAMEA2534452,0,0,0,0,0,0,0,0,0,0,0,0,0,0,0,
SAMEA2534455,1,1,1,0,1,0,0,1,0,0,1,0,0,0,0,
SAMEA2534479,1,1,1,1,0,0,0,1,1,0,1,1,0,0,0,
SAMEA2534539,0,0,0,0,0,0,0,0,0,0,0,0,0,0,0,
SAMEA2534584,0,0,0,0,0,0,0,0,0,0,0,0,0,0,0,
SAMEA2534625,0,0,0,0,0,0,0,0,0,0,0,0,0,0,0,
SAMEA2534631,0,0,0,0,0,0,0,1,0,0,1,0,0,0,0,
SAMEA2534651,1,1,1,1,0,0,0,1,1,0,1,1,0,0,0,
SAMEA2534694,0,0,0,0,0,0,0,0,0,0,0,0,0,0,0,
SAMEA2534705,0,0,0,0,0,0,0,0,0,0,0,0,0,0,0,
SAMEA2534709,0,0,0,0,0,0,0,0,0,0,0,0,0,0,0,
SAMEA2534721,1,1,1,1,0,0,0,1,1,0,1,0,0,0,0,
SAMEA2534737,0,0,0,0,0,0,0,0,0,0,0,0,0,0,0,
SAMEA2534775,0,1,1,0,0,0,0,1,0,0,1,0,0,0,0,
SAMEA2534804,1,1,1,1,0,0,0,0,1,0,1,0,0,0,0,
SAMEA2534822,0,0,0,0,0,0,0,0,0,0,0,0,0,0,0,
SAMEA2534825,0,0,0,0,0,0,0,0,0,0,0,0,0,0,0,
SAMEA2534826,0,0,0,0,0,0,0,0,0,0,0,0,0,0,0,
SAMEA2534837,0,0,0,0,0,0,0,0,0,0,0,0,0,0,0,
SAMEA2534840,1,1,1,1,0,0,0,0,0,0,0,0,0,0,0,
SAMEA2534847,1,0,1,0,0,0,0,0,0,0,0,0,0,0,0,
SAMEA2534864,0,1,0,0,0,0,0,0,0,0,0,0,0,0,0,
SAMEA2534872,0,0,0,0,0,0,0,0,0,0,0,0,0,0,0,
SAMEA2534881,0,0,0,0,0,0,0,0,0,0,0,0,0,0,0,
SAMEA2534885,0,0,0,0,0,0,0,0,0,0,0,0,0,0,0,
SAMEA2534931,0,0,0,0,0,0,0,0,0,0,0,0,0,0,0,
SAMEA2534941,0,0,0,0,0,0,0,0,0,0,0,0,0,0,0,
SAMEA2534976,0,0,0,0,0,0,0,0,0,0,0,0,0,0,0,
SAMEA2534987,0,0,0,0,0,0,0,0,0,0,0,0,0,0,0,
SAMEA2534998,0,0,0,0,0,0,0,0,0,0,0,0,0,0,0,
SAMEA2535008,0,1,0,1,0,0,1,1,0,0,1,1,0,0,0,
SAMEA2535012,0,0,0,0,0,0,0,0,0,0,0,0,0,0,0,
SAMEA2535014,1,1,0,0,1,0,1,1,0,0,1,1,0,0,0,
SAMEA2535021,0,0,0,0,0,0,0,0,0,0,0,0,0,0,0,
SAMEA2535028,1,1,0,0,1,0,0,1,0,0,1,1,0,0,0,
SAMEA2535082,0,0,0,0,0,0,0,0,0,0,0,0,0,0,0,
SAMEA2535083,0,0,0,0,0,0,0,0,0,0,0,0,0,0,0,
SAMEA2535088,0,0,0,0,0,0,0,0,0,0,0,0,0,0,0,
SAMEA2535109,0,0,0,0,0,0,0,0,0,0,0,0,0,0,0,
SAMEA2535149,0,1,0,0,0,0,0,0,0,0,0,0,0,0,0,
SAMEA2535154,0,1,0,0,0,0,0,1,0,0,1,0,0,0,0,
SAMEA2535175,0,0,0,0,0,0,0,0,0,0,0,0,0,0,0,
SAMEA2535218,1,1,0,0,1,0,0,0,0,0,0,0,0,0,0,
SAMEA2535234,0,0,0,0,0,0,0,0,0,0,0,0,0,0,0,
SAMEA2535280,0,0,0,0,0,0,0,0,0,0,0,0,0,0,0,
SAMEA2535288,0,0,0,0,0,0,0,0,0,0,0,0,0,0,0,
SAMEA2535324,0,0,0,0,0,0,0,0,0,0,0,0,0,0,0,
SAMEA2535346,0,0,0,0,0,0,0,0,0,0,0,0,0,0,0,
SAMEA961592,0,0,0,0,0,0,0,0,0,0,0,0,0,0,0,
SAMEA961594,0,0,0,0,0,0,0,0,0,0,0,0,0,0,0,
SAMEA961605,0,0,0,0,0,0,0,0,0,0,0,0,0,0,0,
SAMEA961606,0,0,0,0,0,0,0,0,0,0,0,0,0,0,0,
SAMEA961614,0,0,0,0,0,0,0,0,0,0,0,0,0,0,0,
SAMEA961649,0,0,0,0,0,0,0,0,0,0,0,0,0,0,0,
SAMEA961657,0,0,0,0,0,0,0,0,0,0,0,0,0,0,0,
SAMEA961661,0,0,0,0,0,0,0,0,0,0,0,0,0,0,0,
SAMEA961665,0,0,0,0,0,0,0,0,0,0,0,0,0,0,0,
SAMEA961672,0,0,0,0,0,0,0,0,0,0,0,0,0,0,0,
SAMN01925647,1,1,0,0,0,0,0,0,0,0,0,0,0,0,0,
SAMN01925659,0,1,1,0,1,0,0,0,0,1,0,0,1,1,1,
SAMN01925668,0,1,1,0,1,0,0,0,0,1,0,0,1,1,1,
SAMN01925676,1,1,1,1,0,0,0,0,0,0,0,0,0,0,0,
SAMN02419618,0,1,0,1,0,0,0,0,0,0,0,0,0,1,0,
SAMN02419668,1,1,0,0,1,0,1,1,0,0,1,0,0,0,0,
SAMN02419674,1,1,0,0,0,0,1,1,0,0,1,0,0,0,1,
SAMN02628481,0,1,0,0,1,0,0,1,0,0,1,0,0,0,0,
SAMN02628485,1,1,0,1,0,0,0,1,0,0,1,0,0,0,1,
SAMN02628520,1,0,1,0,1,0,0,0,0,0,0,0,0,0,0,
SAMN02673323,0,0,0,0,0,0,0,0,0,0,0,0,0,0,0,
SAMN02673326,0,0,0,0,0,0,0,1,0,0,0,0,0,0,0,
SAMN03647117,0,0,0,0,0,0,0,0,0,0,0,0,0,0,0,
SAMN03647128,0,0,0,0,0,0,0,0,0,0,0,0,0,0,0,
SAMN03647139,0,1,0,0,0,0,0,0,0,0,0,0,0,0,0,
SAMN03647151,1,1,0,0,0,0,0,0,0,0,0,0,0,0,0,
SAMN03647158,0,0,0,0,0,0,0,0,0,0,0,0,0,0,0,
SAMN03647172,0,0,0,0,0,0,0,0,0,0,0,0,0,0,0,
SAMN03647188,0,0,0,0,0,0,0,0,0,0,0,0,0,0,0,
SAMN03647198,0,0,0,0,0,0,0,0,0,0,0,0,0,0,0,
SAMN03647206,0,0,0,0,0,0,0,0,0,0,0,0,0,0,0,
SAMN03647209,0,0,0,0,0,0,0,0,0,0,0,0,0,0,0,
SAMN03647215,0,0,0,0,0,0,0,0,0,0,0,0,0,0,0,
SAMN03647218,0,0,0,0,0,0,0,0,0,0,0,0,0,0,0,
SAMN03647219,0,0,0,0,0,0,0,0,0,0,0,0,0,0,0,
SAMN03647227,0,0,0,0,0,0,0,0,0,0,0,0,0,0,0,
SAMN03647230,0,0,0,0,0,0,0,0,0,0,0,0,0,0,0,
SAMN03647234,0,0,0,0,0,0,0,0,0,0,0,0,0,0,0,
SAMN03647237,0,0,0,0,0,0,0,0,0,0,0,0,0,0,0,
SAMN03647238,0,1,0,0,0,0,0,0,0,0,0,0,0,0,0,
SAMN03647239,0,0,0,0,0,0,0,0,0,0,0,0,0,0,0,
SAMN03647265,0,0,0,0,0,0,0,0,0,0,0,0,0,0,0,
SAMN03647269,0,0,0,0,0,0,0,0,0,0,0,0,0,0,0,
SAMN03647276,0,0,0,0,0,0,0,0,0,0,0,0,0,0,0,
SAMN03647277,0,0,0,0,0,0,0,0,0,0,0,0,0,0,0,
SAMN03647281,0,1,0,0,0,0,0,0,0,0,0,0,0,0,0,
SAMN03647303,0,0,0,0,0,0,0,0,0,0,0,0,0,0,0,
SAMN03647333,0,0,0,0,0,0,0,0,0,0,0,0,0,0,0,
SAMN03647339,0,1,0,0,0,0,0,0,0,0,0,0,0,0,0,
SAMN03647341,0,0,0,0,0,0,0,0,0,0,0,0,0,0,0,
SAMN03647357,0,0,0,0,0,0,0,0,0,0,0,0,0,0,0,
SAMN03647359,0,1,0,0,0,0,0,0,0,0,0,0,0,0,0,
SAMN03647362,0,0,0,0,0,0,0,0,0,0,0,0,0,0,0,
SAMN03647368,0,0,0,0,0,0,0,0,0,0,0,0,0,0,0,
SAMN03647381,0,1,0,0,0,0,0,0,0,0,0,0,0,0,0,
SAMN03647383,0,0,0,0,0,0,0,0,0,0,0,0,0,0,0,
SAMN03647390,1,0,0,0,0,0,0,0,0,0,0,0,0,0,0,
SAMN03647392,0,0,0,0,0,0,0,0,0,0,0,0,0,0,0,
SAMN03647393,0,1,0,0,0,0,0,0,0,0,0,0,0,0,0,
SAMN03647395,0,0,0,0,0,0,0,0,0,0,0,0,0,0,0,
SAMN03647410,0,0,0,0,0,0,0,0,0,0,0,0,0,0,0,
SAMN03647451,0,1,0,0,0,0,0,0,0,0,0,0,0,0,0,
SAMN03647453,0,0,0,0,0,0,0,0,0,0,0,0,0,0,0,
SAMN03647457,0,0,0,0,0,0,0,0,0,0,0,0,0,0,0,
SAMN03647460,0,0,0,0,0,0,0,0,0,0,0,0,0,0,0,
SAMN03647468,0,0,0,0,0,0,0,0,0,0,0,0,0,0,0,
SAMN03647469,0,0,0,0,0,0,0,0,0,0,0,0,0,0,0,
SAMN03647487,0,0,0,0,0,0,0,0,0,0,0,0,0,0,0,
SAMN03647488,0,0,0,0,0,0,0,0,0,0,0,0,0,0,0,
SAMN03647490,0,0,0,0,0,0,0,0,0,0,0,0,0,0,0,
SAMN03647512,0,0,0,0,0,0,0,0,0,0,0,0,0,0,0,
SAMN03647532,0,1,0,0,0,0,0,0,0,0,0,0,0,0,0,
SAMN03647558,1,1,1,0,0,1,0,0,0,0,0,0,0,0,0,
SAMN03647563,0,1,0,0,0,0,0,0,0,0,1,0,0,0,0,
SAMN03647575,1,1,0,0,0,0,0,0,0,0,0,0,0,0,0,
SAMN03647582,0,0,0,0,0,0,0,0,0,0,0,0,0,0,0,
SAMN03647599,0,0,0,0,0,0,0,0,0,0,0,0,0,0,0,
SAMN03647605,1,1,0,0,0,0,0,1,0,0,1,0,0,0,0,
SAMN03647609,0,0,0,0,0,0,0,0,0,0,0,0,0,0,0,
SAMN03647630,0,0,0,0,0,0,0,0,0,0,0,0,0,0,0,
SAMN03647666,0,0,0,0,0,0,0,0,0,0,0,0,0,0,0,
SAMN03647675,0,0,0,0,0,0,0,0,0,0,0,0,0,0,0,
SAMN03647677,0,0,0,0,0,0,0,0,0,0,0,0,0,0,0,
SAMN03647679,0,0,0,0,0,0,0,0,0,0,0,0,0,0,0,
SAMN03647685,0,0,0,0,0,0,0,0,0,0,0,0,0,0,0,
SAMN03647690,0,0,0,0,0,0,0,0,0,0,0,0,0,0,0,
SAMN03647697,0,0,0,0,0,0,0,0,0,0,0,0,0,0,0,
SAMN03647707,0,0,0,0,0,0,0,0,0,0,0,0,0,0,0,
SAMN03647726,0,0,0,0,0,0,0,0,0,0,0,0,0,0,0,
SAMN03647730,0,0,0,0,0,0,0,0,0,0,0,0,0,0,0,
SAMN03647761,0,0,0,0,0,0,0,0,0,0,0,0,0,1,0,
SAMN03647768,0,0,0,0,0,0,0,0,0,0,0,0,0,0,0,
SAMN03647796,0,0,0,0,0,0,0,1,0,0,1,0,0,0,0,
SAMN03647798,0,0,0,0,0,0,0,0,0,0,0,0,0,0,0,
SAMN03647808,0,0,0,0,0,0,0,0,0,0,0,0,0,0,0,
SAMN03647809,0,0,0,0,0,0,0,0,0,0,0,0,0,0,0,
SAMN03647824,0,0,0,0,0,0,0,0,0,0,0,0,0,0,0,
SAMN03647859,0,0,0,0,0,0,0,1,0,0,1,0,0,0,0,
SAMN03647877,0,0,0,0,0,0,0,1,0,0,1,0,0,0,0,
SAMN03647879,0,0,0,0,0,0,0,0,0,0,0,0,0,0,0,
SAMN03647891,0,0,0,0,0,0,0,0,0,0,0,0,0,0,0,
SAMN03647895,0,0,0,0,0,0,0,0,0,0,0,0,0,0,0,
SAMN03647897,0,0,0,0,0,0,0,1,0,0,1,0,0,0,0,
SAMN03647902,0,0,0,0,0,0,0,0,0,0,0,0,0,0,0,
SAMN03647906,0,0,0,0,0,0,0,1,0,0,1,0,0,0,0,
SAMN03647924,0,0,0,0,0,0,0,0,0,0,0,0,0,0,0,
SAMN03647947,0,0,0,0,0,0,0,0,0,0,0,0,0,0,1,
SAMN03647948,0,0,0,0,0,0,0,0,0,0,0,0,0,0,0,
SAMN03647953,0,0,0,0,0,0,0,0,0,0,0,0,0,0,0,
SAMN03647960,0,0,0,0,0,0,0,0,0,0,0,0,0,0,0,
SAMN03647963,0,0,0,0,0,0,0,0,0,0,0,0,0,0,0,
SAMN03647972,0,0,0,0,0,0,0,0,0,0,0,0,0,0,0,
SAMN03647980,0,0,0,0,0,0,0,0,0,0,0,0,0,0,0,
SAMN03647984,0,0,0,0,0,0,0,0,0,0,0,0,0,0,0,
SAMN03648020,0,0,0,0,0,0,0,0,0,0,0,0,0,0,0,
SAMN03648028,0,1,0,0,0,0,1,0,0,0,0,0,0,0,0,
SAMN03648037,0,0,0,0,0,0,0,0,0,0,0,0,0,0,0,
SAMN03648046,1,1,1,0,1,0,0,0,0,0,1,0,0,0,0,
SAMN03648052,0,1,0,0,0,0,0,0,0,0,0,0,0,0,0,
SAMN03648053,0,0,0,0,0,0,0,0,0,0,1,0,0,0,0,
SAMN03648068,0,0,0,0,0,0,0,0,0,0,0,0,0,0,0,
SAMN03648078,0,1,0,0,0,0,0,0,0,0,0,0,0,0,0,
SAMN03648184,0,0,0,0,0,0,0,0,0,0,0,0,0,0,0,
SAMN03648205,0,0,0,0,0,0,0,0,0,0,0,0,0,0,0,
SAMN03648246,0,0,0,0,0,0,0,0,0,0,0,0,0,0,0,
SAMN03648290,0,0,0,0,0,0,0,0,0,0,0,0,0,0,0,
SAMN03648298,0,0,0,0,0,0,0,0,0,0,0,0,0,0,0,
SAMN03648322,0,0,0,0,0,0,0,0,0,0,0,0,0,0,0,
SAMN03648325,0,0,0,0,0,0,0,0,0,0,0,0,0,0,0,
SAMN03648329,0,0,0,0,0,0,0,0,0,0,0,0,0,0,0,
SAMN03648354,0,0,0,0,0,0,0,0,0,0,0,0,0,0,0,
SAMN03648378,0,0,0,0,0,0,0,0,0,0,0,0,0,0,0,
SAMN03648384,0,0,0,0,0,0,0,0,0,0,0,0,0,0,0,
SAMN03648388,0,0,0,0,0,0,0,0,0,0,0,0,0,0,0,
SAMN03648414,0,0,0,0,0,0,0,0,0,0,0,0,0,0,0,
SAMN03648419,0,0,0,0,0,0,0,0,0,0,0,0,0,0,0,
SAMN03648429,0,0,0,0,0,0,0,0,0,0,0,0,0,0,0,
SAMN03648431,0,0,0,0,0,0,0,0,0,0,0,0,0,0,0,
SAMN03648434,0,0,0,0,0,0,0,0,0,0,0,0,0,0,0,
SAMN03648486,0,0,0,0,0,0,0,0,0,0,0,0,0,0,0,
SAMN03648509,0,0,0,0,0,0,0,0,0,0,0,0,0,0,0,
SAMN03648512,0,0,0,0,0,0,0,1,0,0,1,0,0,0,0,
SAMN03648514,0,0,0,0,0,0,0,0,0,0,0,0,0,0,0,
SAMN03648519,0,0,0,0,0,0,0,0,0,0,0,0,0,0,0,
SAMN03648525,0,0,0,0,0,0,0,0,0,0,0,0,0,0,0,
SAMN03648554,0,1,0,0,0,0,0,0,0,0,0,0,0,0,0,
SAMN03648560,0,0,0,0,0,0,0,0,0,0,0,0,0,0,0,
SAMN03648593,0,0,0,0,0,0,0,0,0,0,0,0,0,0,0,
SAMN03648598,0,0,0,0,0,0,0,0,0,0,0,0,0,0,0,
SAMN03648620,1,0,0,0,0,0,0,0,0,0,0,0,0,0,0,
SAMN03648629,0,0,0,0,0,0,0,0,0,0,0,0,0,0,0,
SAMN03648665,0,0,0,0,0,0,0,0,0,0,0,0,0,0,0,
SAMN03648668,0,0,0,0,0,0,0,0,0,0,0,0,0,0,0,
SAMN03648680,0,0,0,0,0,0,0,0,0,0,0,0,0,0,0,
SAMN03648682,0,0,0,0,0,0,0,0,0,0,0,0,0,0,0,
SAMN03648706,0,0,0,0,0,0,0,0,0,0,0,0,0,0,0,
SAMN03648726,0,0,0,0,0,0,0,0,0,0,0,0,0,0,0,
SAMN03648739,0,0,0,0,0,0,0,0,0,0,0,0,0,0,0,
SAMN03648741,0,0,0,0,0,0,0,0,0,0,0,0,0,0,0,
SAMN03648751,0,0,0,0,0,0,0,0,0,0,0,0,0,0,0,
SAMN03648767,0,0,0,0,0,0,0,0,0,0,0,0,0,0,0,
SAMN03648777,0,0,0,0,0,0,0,0,0,0,1,0,0,0,0,
SAMN03648794,0,0,0,0,0,0,0,0,0,0,0,0,0,0,0,
SAMN03648804,0,0,0,0,0,0,0,0,0,0,0,0,0,0,0,
SAMN03648862,0,0,0,0,0,0,0,0,0,0,0,0,0,0,0,
SAMN03648882,0,1,0,0,0,0,0,0,0,0,0,0,0,0,0,
SAMN03648897,0,0,0,0,0,0,0,0,0,0,0,0,0,0,0,
SAMN03648917,0,0,0,0,0,0,0,0,0,0,0,0,0,0,0,
SAMN03648937,0,1,0,0,0,0,0,0,0,0,0,0,0,0,0,
SAMN03648942,0,0,0,0,0,0,0,0,0,0,0,0,0,0,0,
SAMN03648985,0,0,0,0,0,0,0,0,0,0,0,0,0,0,0,
SAMN03648997,0,0,0,0,0,0,0,0,0,0,0,0,0,0,0,
SAMN03649011,0,0,0,0,0,0,0,0,0,0,0,0,0,0,0,
SAMN03649015,1,0,0,0,0,0,0,0,0,0,0,0,0,0,0,
SAMN03649018,0,0,0,0,0,0,0,0,0,0,0,1,0,0,0,
SAMN03649024,0,0,0,0,0,0,0,0,0,0,0,0,0,0,0,
SAMN03649030,0,0,0,0,0,0,0,0,0,0,0,0,0,0,0,
SAMN03649031,0,0,0,0,0,0,0,0,0,0,0,0,0,0,0,
SAMN03649037,0,0,0,0,0,0,0,0,0,0,0,0,0,0,0,
SAMN03649047,0,0,0,0,0,0,0,0,0,0,0,0,0,0,0,
SAMN03649051,0,0,0,0,0,0,0,0,0,0,0,0,0,0,0,
SAMN03649055,0,0,0,0,0,0,0,0,0,0,0,0,0,0,0,
SAMN03649072,0,0,0,0,0,0,0,0,0,0,0,0,0,0,0,
